id,title,runningTimeInMinutes,releaseDate,certificate,rating,ratingcount,text
tt6166392,Wonka,116,2023-12-15,PG,7.2,76547,"With dreams of opening a shop in a city renowned for its chocolate, a young and poor Willy Wonka discovers that the industry is run by a cartel of greedy chocolatiers."
tt16277242,Society of the Snow,144,2024-01-04,R,7.9,77740,The flight of a rugby team crashes on a glacier in the Andes. The few passengers who survive the crash find themselves in one of the world's toughest environments to survive.
tt4460800,The Kitchen,107,2024-01-19,R,4.9,5046,"In a dystopian future London where all social housing has been eliminated, Izi and Benji fight to navigate the world as residents of The Kitchen, a community that refuses to abandon their home."
tt6166392,Wonka,116,2023-12-15,PG,7.2,76547,"With dreams of opening a shop in a city renowned for its chocolate, a young and poor Willy Wonka discovers that the industry is run by a cartel of greedy chocolatiers."
tt16277242,Society of the Snow,144,2024-01-04,R,7.9,77740,The flight of a rugby team crashes on a glacier in the Andes. The few passengers who survive the crash find themselves in one of the world's toughest environments to survive.
tt4460800,The Kitchen,107,2024-01-19,R,4.9,5046,"In a dystopian future London where all social housing has been eliminated, Izi and Benji fight to navigate the world as residents of The Kitchen, a community that refuses to abandon their home."
tt4460800,The Kitchen,107,2024-01-19,R,4.9,5046,"In a dystopian future London where all social housing has been eliminated, Izi and Benji fight to navigate the world as residents of The Kitchen, a community that refuses to abandon their home."
tt1517268,Barbie,114,2023-07-21,PG-13,6.9,479449,"Barbie and Ken are having the time of their lives in the colorful and seemingly perfect world of Barbie Land. However, when they get a chance to go to the real world, they soon discover the joys and perils of living among humans."
tt9663764,Aquaman and the Lost Kingdom,124,2023-12-22,PG-13,5.8,44500,"Black Manta seeks revenge on Aquaman for his father's death. Wielding the Black Trident's power, he becomes a formidable foe. To defend Atlantis, Aquaman forges an alliance with his imprisoned brother. They must protect the kingdom."
tt11858890,The Creator,133,2023-09-29,PG-13,6.8,130227,"Against the backdrop of a war between humans and robots with artificial intelligence, a former soldier finds the secret weapon, a robot in the form of a young child."
tt11858890,The Creator,133,2023-09-29,PG-13,6.8,130227,"Against the backdrop of a war between humans and robots with artificial intelligence, a former soldier finds the secret weapon, a robot in the form of a young child."
tt23289160,Godzilla Minus One,124,2023-12-01,PG-13,8.3,41867,"Post war Japan is at its lowest point when a new crisis emerges in the form of a giant monster, baptized in the horrific power of the atomic bomb."
tt23289160,Godzilla Minus One,124,2023-12-01,PG-13,8.3,41867,"Post war Japan is at its lowest point when a new crisis emerges in the form of a giant monster, baptized in the horrific power of the atomic bomb."
tt6495056,Migration,83,2023-12-22,PG,6.7,10203,A family of ducks try to convince their overprotective father to go on the vacation of a lifetime.
tt10676048,The Marvels,105,2023-11-10,PG-13,5.6,82978,"Carol Danvers gets her powers entangled with those of Kamala Khan and Monica Rambeau, forcing them to work together to save the universe."
tt11304740,Wish,95,2023-11-22,PG,5.7,17780,A young girl named Asha wishes on a star and gets a more direct answer than she bargained for when a trouble-making star comes down from the sky to join her.
tt11304740,Wish,95,2023-11-22,PG,5.7,17780,A young girl named Asha wishes on a star and gets a more direct answer than she bargained for when a trouble-making star comes down from the sky to join her.
tt14998742,Rebel Moon: Part One - A Child of Fire,133,2023-12-21,PG-13,5.6,94124,"When a peaceful settlement on the edge of a distant moon finds itself threatened by the armies of a tyrannical ruling force, a mysterious stranger living among its villagers becomes their best hope for survival."
tt9603212,Mission: Impossible - Dead Reckoning Part One,163,2023-07-12,PG-13,7.7,220788,Ethan Hunt and his IMF team must track down a dangerous weapon before it falls into the wrong hands.
tt9603212,Mission: Impossible - Dead Reckoning Part One,163,2023-07-12,PG-13,7.7,220788,Ethan Hunt and his IMF team must track down a dangerous weapon before it falls into the wrong hands.
tt0918940,The Legend of Tarzan,110,2016-07-01,PG-13,6.2,186605,"Tarzan, having acclimated to life in London, is called back to his former home in the jungle to investigate the activities at a mining encampment."
tt10545296,The Hunger Games: The Ballad of Songbirds & Snakes,157,2023-11-17,PG-13,6.9,91885,Coriolanus Snow mentors and develops feelings for the female District 12 tribute during the 10th Hunger Games.
tt10545296,The Hunger Games: The Ballad of Songbirds & Snakes,157,2023-11-17,PG-13,6.9,91885,Coriolanus Snow mentors and develops feelings for the female District 12 tribute during the 10th Hunger Games.
tt6587046,The Boy and the Heron,124,2023-12-08,PG-13,7.6,38570,"A young boy named Mahito yearning for his mother ventures into a world shared by the living and the dead. There, death comes to an end, and life finds a new beginning."
tt1160419,Dune,155,2021-10-22,PG-13,8.0,750836,A noble family becomes embroiled in a war for control over the galaxy's most valuable asset while its heir becomes troubled by visions of a dark future.
tt29538571,Sixty Minutes,88,2024-01-19,TV-MA,5.7,2293,"Desperate not to lose custody, a mixed martial arts fighter makes dangerous enemies when he ditches a matchup to race to his daughter's birthday party."
tt0816692,Interstellar,169,2014-11-07,PG-13,8.7,2050593,"When Earth becomes uninhabitable in the future, a farmer and ex-NASA pilot, Joseph Cooper, is tasked to pilot a spacecraft, along with a team of researchers, to find a new planet for humans."
tt9362722,Spider-Man: Across the Spider-Verse,140,2023-06-02,PG,8.6,339756,"Miles Morales catapults across the multiverse, where he encounters a team of Spider-People charged with protecting its very existence. When the heroes clash on how to handle a new threat, Miles must redefine what it means to be a hero."
tt1462764,Indiana Jones and the Dial of Destiny,154,2023-06-30,PG-13,6.6,185394,Archaeologist Indiana Jones races against time to retrieve a legendary artifact that can change the course of history.
tt1462764,Indiana Jones and the Dial of Destiny,154,2023-06-30,PG-13,6.6,185394,Archaeologist Indiana Jones races against time to retrieve a legendary artifact that can change the course of history.
tt5433140,Fast X,141,2023-05-19,PG-13,5.8,112574,Dom Toretto and his family are targeted by the vengeful son of drug kingpin Hernan Reyes.
tt0106246,Alive,128,1993-01-15,R,7.1,63009,"After crash-landing in the snowswept Andes, a Uruguayan rugby team has no choice but to turn to desperate measures in order to survive."
tt14362112,Trolls Band Together,91,2023-11-17,PG,6.0,10308,"Poppy discovers that Branch was once part of the boy band 'BroZone' with his brothers, Floyd, John Dory, Spruce and Clay. When Floyd is kidnapped, Branch and Poppy embark on a journey to reunite his two other brothers and rescue Floyd."
tt6710474,Everything Everywhere All at Once,139,2022-04-08,R,7.8,511469,A middle-aged Chinese immigrant is swept up into an insane adventure in which she alone can save existence by exploring other universes and connecting with the lives she could have led.
tt19637052,Love Lies Bleeding,104,2024-03-08,R,7.3,118,"A romance fueled by ego, desire and the American Dream."
tt0241527,Harry Potter and the Sorcerer's Stone,152,2001-11-16,PG,7.6,846411,"An orphaned boy enrolls in a school of wizardry, where he learns the truth about himself, his family and the terrible evil that haunts the magical world."
tt1136617,The Killer,118,2023-11-10,R,6.7,166597,"After a fateful near-miss, an assassin battles his employers and himself, on an international manhunt he insists isn't personal."
tt29722855,Badland Hunters,107,2024-01-26,TV-MA,6.0,2988,"When an earthquake turns Seoul into a lawless badland, a fearless huntsman goes on to rescue a teenager from a mad doctor who held the teenager captive in a camp full of dangerous cultists."
tt0120737,The Lord of the Rings: The Fellowship of the Ring,178,2001-12-19,PG-13,8.9,1981052,A meek Hobbit from the Shire and eight companions set out on a journey to destroy the powerful One Ring and save Middle-earth from the Dark Lord Sauron.
tt1375666,Inception,148,2010-07-16,PG-13,8.8,2515193,"A thief who steals corporate secrets through the use of dream-sharing technology is given the inverse task of planting an idea into the mind of a C.E.O., but his tragic past may doom the project and his team to disaster."
tt1375666,Inception,148,2010-07-16,PG-13,8.8,2515193,"A thief who steals corporate secrets through the use of dream-sharing technology is given the inverse task of planting an idea into the mind of a C.E.O., but his tragic past may doom the project and his team to disaster."
tt6718170,The Super Mario Bros. Movie,92,2023-04-05,PG,7.0,226914,"A plumber named Mario travels through an underground labyrinth with his brother Luigi, trying to save a captured princess."
tt6791350,Guardians of the Galaxy Vol. 3,150,2023-05-05,PG-13,7.9,366002,"Still reeling from the loss of Gamora, Peter Quill rallies his team to defend the universe and one of their own - a mission that could mean the end of the Guardians if not successful."
tt4513678,Ghostbusters: Afterlife,124,2021-11-19,PG-13,7.1,208385,"When a single mom and her two kids arrive in a small town, they begin to discover their connection to the original Ghostbusters and the secret legacy their grandfather left behind."
tt1392170,The Hunger Games,142,2012-03-23,PG-13,7.2,992765,Katniss Everdeen voluntarily takes her younger sister's place in the Hunger Games: a televised competition in which two teenagers from each of the twelve Districts of Panem are chosen at random to fight to the death.
tt1392170,The Hunger Games,142,2012-03-23,PG-13,7.2,992765,Katniss Everdeen voluntarily takes her younger sister's place in the Hunger Games: a televised competition in which two teenagers from each of the twelve Districts of Panem are chosen at random to fight to the death.
tt0172495,Gladiator,155,2000-05-05,R,8.5,1597958,A former Roman General sets out to exact vengeance against the corrupt emperor who murdered his family and sent him into slavery.
tt4495098,Gran Turismo,134,2023-08-25,PG-13,7.2,81660,"Based on the unbelievable, inspiring true story of a team of underdogs - a struggling, working-class gamer, a failed former race car driver, and an idealistic motorsport exec - who risk it all to take on the most elite sport in the world."
tt0814255,Percy Jackson & the Olympians: The Lightning Thief,118,2010-02-12,PG,5.9,200838,A teenager discovers he's the descendant of a Greek god and sets out on an adventure to settle an on-going battle between the gods.
tt1477834,Aquaman,143,2018-12-21,PG-13,6.8,513794,"Arthur Curry, the human-born heir to the underwater kingdom of Atlantis, goes on a quest to prevent a war between the worlds of ocean and land."
tt22866358,The Book of Clarence,129,2024-01-12,PG-13,6.0,1864,"Struggling to find a better life, Clarence is captivated by the power of the rising Messiah and soon risks everything to carve a path to a divine existence."
tt22866358,The Book of Clarence,129,2024-01-12,PG-13,6.0,1864,"Struggling to find a better life, Clarence is captivated by the power of the rising Messiah and soon risks everything to carve a path to a divine existence."
tt2906216,Dungeons & Dragons: Honor Among Thieves,134,2023-03-31,PG-13,7.3,215625,"A charming thief and a band of unlikely adventurers embark on an epic quest to retrieve a lost relic, but things go dangerously awry when they run afoul of the wrong people."
tt0367594,Charlie and the Chocolate Factory,115,2005-07-15,PG,6.7,521501,"A young boy wins a tour through the most magnificent chocolate factory in the world, led by the world's most unusual candy maker."
tt3291150,Expend4bles,103,2023-09-22,R,4.8,31765,"Armed with every weapon they can get their hands on, the Expendables are the world's last line of defense and the team that gets called when all other options are off the table."
tt3291150,Expend4bles,103,2023-09-22,R,4.8,31765,"Armed with every weapon they can get their hands on, the Expendables are the world's last line of defense and the team that gets called when all other options are off the table."
tt3291150,Expend4bles,103,2023-09-22,R,4.8,31765,"Armed with every weapon they can get their hands on, the Expendables are the world's last line of defense and the team that gets called when all other options are off the table."
tt1464335,Uncharted,116,2022-02-18,PG-13,6.3,250844,"Street-smart Nathan Drake is recruited by seasoned treasure hunter Victor ""Sully"" Sullivan to recover a fortune amassed by Ferdinand Magellan, and lost 500 years ago by the House of Moncada."
tt5090568,Transformers: Rise of the Beasts,127,2023-06-09,PG-13,6.0,97959,"During the '90s, a new faction of Transformers - the Maximals - join the Autobots as allies in the battle for Earth."
tt1392190,Mad Max: Fury Road,120,2015-05-15,R,8.1,1070739,"In a post-apocalyptic wasteland, a woman rebels against a tyrannical ruler in search for her homeland with the aid of a group of female prisoners, a psychotic worshiper and a drifter named Max."
tt15789038,Elemental,101,2023-06-16,PG,7.0,114132,"Follows Ember and Wade, in a city where fire-, water-, earth- and air-residents live together."
tt0439572,The Flash,144,2023-06-16,PG-13,6.7,200428,"Barry Allen uses his super speed to change the past, but his attempt to save his family creates a world without super heroes, forcing him to race for his life in order to save the future."
tt0361748,Inglourious Basterds,153,2009-08-21,R,8.4,1559766,"In Nazi-occupied France during World War II, a plan to assassinate Nazi leaders by a group of Jewish U.S. soldiers coincides with a theatre owner's vengeful plans for the same."
tt10872600,Spider-Man: No Way Home,148,2021-12-17,PG-13,8.2,860175,"With Spider-Man's identity now revealed, Peter asks Doctor Strange for help. When a spell goes wrong, dangerous foes from other worlds start to appear, forcing Peter to discover what it truly means to be Spider-Man."
tt1630029,Avatar: The Way of Water,192,2022-12-16,PG-13,7.6,480517,"Jake Sully lives with his newfound family formed on the extrasolar moon Pandora. Once a familiar threat returns to finish what was previously started, Jake must work with Neytiri and the army of the Na'vi race to protect their home."
tt1630029,Avatar: The Way of Water,192,2022-12-16,PG-13,7.6,480517,"Jake Sully lives with his newfound family formed on the extrasolar moon Pandora. Once a familiar threat returns to finish what was previously started, Jake must work with Neytiri and the army of the Na'vi race to protect their home."
tt0167260,The Lord of the Rings: The Return of the King,201,2003-12-17,PG-13,9.0,1953432,Gandalf and Aragorn lead the World of Men against Sauron's army to draw his gaze from Frodo and Sam as they approach Mount Doom with the One Ring.
tt15326988,Ghosted,116,2023-04-21,PG-13,5.8,59366,"Cole falls head over heels for enigmatic Sadie, but then makes the shocking discovery that she's a secret agent. Before they can decide on a second date, Cole and Sadie are swept away on an international adventure to save the world."
tt0116629,Independence Day,145,1996-07-03,PG-13,7.0,600777,"The aliens are coming and their goal is to invade and destroy Earth. Fighting superior technology, mankind's best weapon is the will to survive."
tt29195117,Justice League: Crisis on Infinite Earths - Part One,93,2024-01-09,PG-13,6.3,2435,"The Anti-Monitor (the Monitor's evil counterpart) is released in the DC Multiverse and begins to destroy the different Earths that compose it. The Monitor attempts to recruit heroes from across the Multiverse, but is murdered."
tt0088763,Back to the Future,116,1985-07-03,PG,8.5,1289681,"Marty McFly, a 17-year-old high school student, is accidentally sent 30 years into the past in a time-traveling DeLorean invented by his close friend, the maverick scientist Doc Brown."
tt0109198,Bad Girls,99,1994-04-22,R,5.2,13424,Four prostitutes join together to travel the Old West.
tt0109198,Bad Girls,99,1994-04-22,R,5.2,13424,Four prostitutes join together to travel the Old West.
tt0107290,Jurassic Park,127,1993-06-11,PG-13,8.2,1053944,A pragmatic paleontologist touring an almost complete theme park on an island in Central America is tasked with protecting a couple of kids after a power failure causes the park's cloned dinosaurs to run loose.
tt1663202,The Revenant,156,2016-01-08,R,8.0,862224,A frontiersman on a fur trading expedition in the 1820s fights for survival after being mauled by a bear and left for dead by members of his own hunting team.
tt1446714,Prometheus,124,2012-06-08,R,7.0,638482,"Following clues to the origin of mankind, a team finds a structure on a distant moon, but they soon realize they are not alone."
tt0093779,The Princess Bride,98,1987-10-09,PG,8.0,446959,"A bedridden boy's grandfather reads him the story of a farmboy-turned-pirate who encounters numerous obstacles, enemies and allies in his quest to be reunited with his true love."
tt0325980,Pirates of the Caribbean: The Curse of the Black Pearl,143,2003-07-09,PG-13,8.1,1195578,"Blacksmith Will Turner teams up with eccentric pirate ""Captain"" Jack Sparrow to save his love, the governor's daughter, from Jack's former pirate allies, who are now undead."
tt0245429,Spirited Away,125,2003-03-28,PG,8.6,833870,"During her family's move to the suburbs, a sullen 10-year-old girl wanders into a world ruled by gods, witches and spirits, a world where humans are changed into beasts."
tt6334354,The Suicide Squad,132,2021-08-05,R,7.2,400709,"Supervillains Harley Quinn, Bloodsport, Peacemaker, and a collection of nutty cons at Belle Reve prison join the super-secret, super-shady Task Force X as they are dropped off at the remote, enemy-infused island of Corto Maltese."
tt4154796,Avengers: Endgame,181,2019-04-26,PG-13,8.4,1244714,"After the devastating events of Avengers: Infinity War (2018), the universe is in ruins. With the help of remaining allies, the Avengers assemble once more in order to reverse Thanos' actions and restore balance to the universe."
tt4154796,Avengers: Endgame,181,2019-04-26,PG-13,8.4,1244714,"After the devastating events of Avengers: Infinity War (2018), the universe is in ruins. With the help of remaining allies, the Avengers assemble once more in order to reverse Thanos' actions and restore balance to the universe."
tt19500164,Nimona,101,2023-06-30,PG,7.5,39121,"When a knight in a futuristic medieval world is framed for a crime he didn't commit, the only one who can help him prove his innocence is Nimona -- a mischievous teen who happens to be a shapeshifting creature he's sworn to destroy."
tt1951264,The Hunger Games: Catching Fire,146,2013-11-22,PG-13,7.5,713643,Katniss Everdeen and Peeta Mellark become targets of the Capitol after their victory in the 74th Hunger Games sparks a rebellion in the Districts of Panem.
tt0076759,Star Wars: Episode IV - A New Hope,121,1977-05-25,PG,8.6,1434987,"Luke Skywalker joins forces with a Jedi Knight, a cocky pilot, a Wookiee and two droids to save the galaxy from the Empire's world-destroying battle station, while also attempting to rescue Princess Leia from the mysterious Darth Vader."
tt13320622,The Lost City,112,2022-03-25,PG-13,6.1,152994,A reclusive romance novelist on a book tour with her cover model gets swept up in a kidnapping attempt that lands them both in a cutthroat jungle adventure.
tt3659388,The Martian,144,2015-10-02,PG-13,8.0,910982,"An astronaut becomes stranded on Mars after his team assume him dead, and must rely on his ingenuity to find a way to signal to Earth that he is alive and can survive until a potential rescue."
tt9362930,Blue Beetle,127,2023-08-18,PG-13,6.0,86575,"An alien scarab chooses Jaime Reyes to be its symbiotic host, bestowing the recent college graduate with a suit of armor that's capable of extraordinary powers, forever changing his destiny as he becomes the superhero known as Blue Beetle."
tt8589698,Teenage Mutant Ninja Turtles: Mutant Mayhem,99,2023-08-02,PG,7.2,57049,The Turtle brothers work to earn the love of New York City while facing down an army of mutants.
tt15153532,Strays,93,2023-08-18,R,6.3,24751,An abandoned dog teams up with other strays to get revenge on his former owner.
tt0330373,Harry Potter and the Goblet of Fire,157,2005-11-18,PG-13,7.7,673482,"Harry Potter finds himself competing in a hazardous tournament between rival schools of magic, but he is distracted by recurring nightmares."
tt5971474,The Little Mermaid,135,2023-05-26,PG,7.2,151541,A young mermaid makes a deal with a sea witch to trade her beautiful voice for human legs so she can discover the world above water and impress a prince.
tt16253418,No Way Up,90,2024-02-16,R,5.1,227,Characters from different backgrounds are thrown together when the plane they're travelling on crashes into the Pacific Ocean. A nightmare fight for survival ensues with the air supply running out and dangers creeping in from all sides.
tt0112384,Apollo 13,140,1995-06-30,PG,7.7,311959,NASA must devise a strategy to return Apollo 13 to Earth safely after the spacecraft undergoes massive internal damage putting the lives of the three astronauts on board in jeopardy.
tt11138512,The Northman,137,2022-04-22,R,7.0,247116,A young Viking prince is on a quest to avenge his father's murder.
tt0317219,Cars,117,2006-06-09,G,7.2,461273,"On the way to the biggest race of his life, a hotshot rookie race car gets stranded in a rundown town and learns that winning isn't everything in life."
tt21942598,Freaky Tales,106,2024-01-18,R,8.0,96,"Four interconnected stories set in 1987 Oakland, CA. will tell about the love of music, movies, people, places and memories beyond our knowable universe."
tt2948372,Soul,100,2020-12-25,PG,8.0,371425,"After landing the gig of a lifetime, a New York jazz pianist suddenly finds himself trapped in a strange land between Earth and the afterlife."
tt0120616,The Mummy,124,1999-05-07,PG-13,7.1,455829,"At an archaeological dig in the ancient city of Hamunaptra, an American serving in the French Foreign Legion accidentally awakens a mummy who begins to wreak havoc as he searches for the reincarnation of his long-lost love."
tt30180830,Sasquatch Sunset,89,2024-04-19,R,6.5,37,A year in the life of a unique family. It captures the daily life of the Sasquatch with a level of detail and rigor that is simply unforgettable.
tt0090605,Aliens,137,1986-07-18,R,8.4,754823,"Decades after surviving the Nostromo incident, Ellen Ripley is sent out to re-establish contact with a terraforming colony but finds herself battling the Alien Queen and her offspring."
tt0089218,The Goonies,114,1985-06-07,PG,7.7,294952,A group of young misfits called The Goonies discover an ancient map and set out on an adventure to find a legendary pirate's long-lost treasure.
tt0472043,Apocalypto,139,2006-12-08,R,7.8,328084,"As the Mayan kingdom faces its decline, a young man is taken on a perilous journey to a world ruled by fear and oppression."
tt2382320,No Time to Die,163,2021-10-08,PG-13,7.3,438905,"James Bond has left active service. His peace is short-lived when Felix Leiter, an old friend from the CIA, turns up asking for help, leading Bond onto the trail of a mysterious villain armed with dangerous new technology."
tt0320661,Kingdom of Heaven,144,2005-05-06,R,7.3,309923,"Balian of Ibelin travels to Jerusalem during the Crusades of the 12th century, and there he finds himself as the defender of the city and its people."
tt0320661,Kingdom of Heaven,144,2005-05-06,R,7.3,309923,"Balian of Ibelin travels to Jerusalem during the Crusades of the 12th century, and there he finds himself as the defender of the city and its people."
tt0903624,The Hobbit: An Unexpected Journey,169,2012-12-14,PG-13,7.8,864915,"A reluctant Hobbit, Bilbo Baggins, sets out to the Lonely Mountain with a spirited group of dwarves to reclaim their mountain home, and the gold within it from the dragon Smaug."
tt0363771,"The Chronicles of Narnia: The Lion, the Witch and the Wardrobe",143,2005-12-09,PG,6.9,423682,Four kids travel through a wardrobe to the land of Narnia and learn of their destiny to free it with the guidance of a mystical lion.
tt0363771,"The Chronicles of Narnia: The Lion, the Witch and the Wardrobe",143,2005-12-09,PG,6.9,423682,Four kids travel through a wardrobe to the land of Narnia and learn of their destiny to free it with the guidance of a mystical lion.
tt1386697,Suicide Squad,123,2016-08-05,PG-13,5.9,716968,A secret government agency recruits some of the most dangerous incarcerated super-villains to form a defensive task force. Their first mission: save the world from the apocalypse.
tt6467266,Sing 2,110,2021-12-22,PG,7.4,84495,Buster Moon and his friends must persuade reclusive rock star Clay Calloway to join them for the opening of a new show.
tt2802144,Kingsman: The Secret Service,129,2015-02-13,R,7.7,708300,"A spy organisation recruits a promising street kid into the agency's training program, while a global threat emerges from a twisted tech genius."
tt1104001,TRON: Legacy,125,2010-12-17,PG,6.8,353090,The son of a virtual world designer goes looking for his father and ends up inside the digital world that his father designed. He meets his father's corrupted creation and a unique ally who was born inside the digital world.
tt9032400,Eternals,156,2021-11-05,PG-13,6.3,379444,"The saga of the Eternals, a race of immortal beings who lived on Earth and shaped its history and civilizations."
tt0110357,The Lion King,88,1994-06-24,G,8.5,1127790,"Lion prince Simba and his father are targeted by his bitter uncle, who wants to ascend the throne himself."
tt0938283,The Last Airbender,103,2010-07-01,PG,4.0,170636,"Follows the adventures of Aang, a young successor to a long line of Avatars, who must master all four elements and stop the Fire Nation from enslaving the Water Tribes and the Earth Kingdom."
tt4633694,Spider-Man: Into the Spider-Verse,117,2018-12-14,PG,8.4,655599,Teen Miles Morales becomes the Spider-Man of his universe and must join with five spider-powered individuals from other dimensions to stop a threat for all realities.
tt0119116,The Fifth Element,126,1997-05-09,PG-13,7.6,500312,"In the colorful future, a cab driver unwittingly becomes the central figure in the search for a legendary cosmic weapon to keep Evil and Mr. Zorg at bay."
tt8041270,Jurassic World Dominion,147,2022-06-10,PG-13,5.6,199320,"Four years after the destruction of Isla Nublar, Biosyn operatives attempt to track down Maisie Lockwood, while Dr Ellie Sattler investigates a genetically engineered swarm of giant insects."
tt1201607,Harry Potter and the Deathly Hallows: Part 2,130,2011-07-15,PG-13,8.1,936694,"Harry, Ron, and Hermione search for Voldemort's remaining Horcruxes in their effort to destroy the Dark Lord as the final battle rages on at Hogwarts."
tt0078346,Superman,143,1978-12-15,PG,7.4,185793,"An alien orphan is sent from his dying planet to Earth, where he grows up to become his adoptive home's first and greatest superhero."
tt6264654,Free Guy,115,2021-08-13,PG-13,7.1,416052,"When Guy, a bank teller, learns that he is a non-player character in a bloodthirsty, open-world video game, he goes on to become the hero of the story and takes the responsibility of saving the world."
tt6264654,Free Guy,115,2021-08-13,PG-13,7.1,416052,"When Guy, a bank teller, learns that he is a non-player character in a bloodthirsty, open-world video game, he goes on to become the hero of the story and takes the responsibility of saving the world."
tt0082971,Raiders of the Lost Ark,115,1981-06-12,PG,8.4,1028082,"In 1936, archaeologist and adventurer Indiana Jones is hired by the U.S. government to find the Ark of the Covenant before the Nazis can obtain its awesome powers."
tt0082971,Raiders of the Lost Ark,115,1981-06-12,PG,8.4,1028082,"In 1936, archaeologist and adventurer Indiana Jones is hired by the U.S. government to find the Ark of the Covenant before the Nazis can obtain its awesome powers."
tt0167261,The Lord of the Rings: The Two Towers,179,2002-12-18,PG-13,8.8,1761194,"While Frodo and Sam edge closer to Mordor with the help of the shifty Gollum, the divided fellowship makes a stand against Sauron's new ally, Saruman, and his hordes of Isengard."
tt0092005,Stand by Me,89,1986-08-22,R,8.1,435706,A writer recounts a childhood journey with his friends to find the body of a missing boy.
tt1677720,Ready Player One,140,2018-03-29,PG-13,7.4,475624,"When the creator of a virtual reality called the OASIS dies, he makes a posthumous challenge to all OASIS users to find his Easter Egg, which will give the finder his fortune and control of his world."
tt2015381,Guardians of the Galaxy,121,2014-08-01,PG-13,8.0,1261027,A group of intergalactic criminals must pull together to stop a fanatical warrior with plans to purge the universe.
tt0120201,Starship Troopers,129,1997-11-07,R,7.3,314973,"Humans in a fascist, militaristic future wage war with giant alien bugs."
tt0145487,Spider-Man,121,2002-05-03,PG-13,7.4,868590,"After being bitten by a genetically-modified spider, a shy teenager gains spider-like abilities that he uses to fight injustice as a masked superhero and face a vengeful enemy."
tt0087182,Dune,137,1984-12-14,PG-13,6.3,170254,A Duke's son leads desert warriors against the galactic emperor and his father's evil nemesis to free their desert world from the emperor's rule.
tt0177789,Galaxy Quest,102,1999-12-25,PG,7.4,175489,"The alumni cast of a space opera television series have to play their roles as the real thing when an alien race needs their help. However, they also have to defend both Earth and the alien race from a reptilian warlord."
tt4123432,Fantastic Beasts: The Secrets of Dumbledore,142,2022-04-15,PG-13,6.2,166117,Professor Albus Dumbledore must assist Newt Scamander and his partners as Grindelwald begins to lead an army to eliminate all Muggles.
tt0347149,Howl's Moving Castle,119,2005-06-17,PG,8.2,439266,"When an unconfident young woman is cursed with an old body by a spiteful witch, her only chance of breaking the spell lies with a self-indulgent yet insecure young wizard and his companions in his legged, walking castle."
tt0499549,Avatar,162,2009-12-18,PG-13,7.9,1373741,A paraplegic Marine dispatched to the moon Pandora on a unique mission becomes torn between following his orders and protecting the world he feels is his home.
tt0304141,Harry Potter and the Prisoner of Azkaban,142,2004-06-04,PG,7.9,682890,"Harry Potter, Ron and Hermione return to Hogwarts School of Witchcraft and Wizardry for their third year of study, where they delve into the mystery surrounding an escaped prisoner who poses a dangerous threat to the young wizard."
tt9224104,Meg 2: The Trench,116,2023-08-04,PG-13,5.0,72910,"A research team encounters multiple threats while exploring the depths of the ocean, including a malevolent mining operation."
tt0068473,Deliverance,109,1972-08-18,R,7.7,118139,"Intent on seeing the Cahulawassee River before it's dammed and turned into a lake, outdoor fanatic Lewis Medlock takes his friends on a canoeing trip they'll never forget into the dangerous American back-country."
tt2278388,The Grand Budapest Hotel,99,2014-03-28,R,8.1,875601,"A writer encounters the owner of an aging high-class hotel, who tells him of his early years serving as a lobby boy in the hotel's glorious years under an exceptional concierge."
tt0117060,Mission: Impossible,110,1996-05-22,PG-13,7.2,465618,"An American agent, under false suspicion of disloyalty, must discover and expose the real spy without the help of his organization."
tt0073195,Jaws,124,1975-06-20,PG,8.1,652001,"When a killer shark unleashes chaos on a beach community off Cape Cod, it's up to a local sheriff, a marine biologist, and an old seafarer to hunt the beast down."
tt0120623,A Bug's Life,95,1998-11-25,G,7.2,311309,"A misfit ant, looking for ""warriors"" to save his colony from greedy grasshoppers, recruits a group of bugs that turn out to be an inept circus troupe."
tt0295297,Harry Potter and the Chamber of Secrets,161,2002-11-15,PG,7.4,684037,An ancient prophecy seems to be coming true when a mysterious presence begins stalking the corridors of a school of magic and leaving its victims paralyzed.
tt0062622,2001: A Space Odyssey,149,1968-04-02,G,8.3,710730,"After uncovering a mysterious artifact buried beneath the Lunar surface, a spacecraft is sent to Jupiter to find its origins: a spacecraft manned by two men and the supercomputer HAL 9000."
tt0892769,How to Train Your Dragon,98,2010-03-26,PG,8.1,790281,"A hapless young Viking who aspires to hunt dragons becomes the unlikely friend of a young dragon himself, and learns there may be more to the creatures than he assumed."
tt0080455,The Blues Brothers,133,1980-06-20,R,7.9,212104,"Jake Blues rejoins with his brother Elwood after being released from prison, but the duo has just days to reunite their old R&B band and save the Catholic home where the two were raised, outrunning the police as they tear through Chicago."
tt5463162,Deadpool 2,119,2018-05-18,R,7.6,633417,"Foul-mouthed mutant mercenary Wade Wilson (a.k.a. Deadpool) assembles a team of fellow mutant rogues to protect a young boy with supernatural abilities from the brutal, time-traveling cyborg Cable."
tt5463162,Deadpool 2,119,2018-05-18,R,7.6,633417,"Foul-mouthed mutant mercenary Wade Wilson (a.k.a. Deadpool) assembles a team of fellow mutant rogues to protect a young boy with supernatural abilities from the brutal, time-traveling cyborg Cable."
tt5108870,Morbius,104,2022-04-01,PG-13,5.2,148670,"Biochemist Michael Morbius tries to cure himself of a rare blood disease, but he inadvertently infects himself with a form of vampirism instead."
tt5108870,Morbius,104,2022-04-01,PG-13,5.2,148670,"Biochemist Michael Morbius tries to cure himself of a rare blood disease, but he inadvertently infects himself with a form of vampirism instead."
tt9243804,The Green Knight,130,2021-07-30,R,6.6,114748,A fantasy retelling of the medieval story of Sir Gawain and the Green Knight.
tt6105098,The Lion King,118,2019-07-19,PG,6.8,264311,"After the murder of his father, a young lion prince flees his kingdom only to learn the true meaning of responsibility and bravery."
tt0382932,Ratatouille,111,2007-06-27,G,8.1,809476,A rat who can cook makes an unusual alliance with a young kitchen worker at a famous Paris restaurant.
tt10648342,Thor: Love and Thunder,118,2022-07-08,PG-13,6.2,392427,"Thor enlists the help of Valkyrie, Korg and ex-girlfriend Jane Foster to fight Gorr the God Butcher, who intends to make the gods extinct."
tt0758758,Into the Wild,148,2007-10-19,R,8.1,652202,"After graduating from Emory University, top student and athlete Christopher McCandless abandons his possessions, gives his entire $24,000 savings account to charity and hitchhikes to Alaska to live in the wilderness. Along the way, Christopher encounters a series of characters that shape his life."
tt0486655,Stardust,127,2007-08-10,PG-13,7.6,283042,"In a countryside town bordering on a magical land, a young man makes a promise to his beloved that he'll retrieve a fallen star by venturing into the magical realm."
tt0120915,Star Wars: Episode I - The Phantom Menace,136,1999-05-19,PG,6.5,847998,"Two Jedi escape a hostile blockade to find allies and come across a young boy who may bring balance to the Force, but the long dormant Sith resurface to claim their original glory."
tt0181875,Almost Famous,122,2000-09-22,R,7.9,290904,A high-school boy in the early 1970s is given the chance to write a story for Rolling Stone magazine about an up-and-coming rock band as he accompanies them on their concert tour.
tt2771200,Beauty and the Beast,129,2017-03-17,PG,7.1,331056,"A selfish Prince is cursed to become a monster for the rest of his life, unless he learns to fall in love with a beautiful young woman he keeps prisoner."
tt6856242,The King's Man,131,2021-12-22,R,6.3,169733,"In the early years of the 20th century, the Kingsman agency is formed to stand against a cabal plotting a war to wipe out millions."
tt0060196,"The Good, the Bad and the Ugly",161,1967-12-29,Approved,8.8,802191,A bounty hunting scam joins two men in an uneasy alliance against a third in a race to find a fortune in gold buried in a remote cemetery.
tt0032138,The Wizard of Oz,102,1939-08-25,PG,8.1,424271,"Young Dorothy Gale and her dog Toto are swept away by a tornado from their Kansas farm to the magical Land of Oz, and embark on a quest with three new friends to see the Wizard, who can return her to her home and fulfill the others' wishes."
tt1631867,Edge of Tomorrow,113,2014-06-06,PG-13,7.9,726987,"A soldier fighting aliens gets to relive the same day over and over again, the day restarting every time he dies."
tt11866324,Prey,100,2022-08-05,R,7.1,222091,"Naru, a skilled warrior of the Comanche Nation, fights to protect her tribe against one of the first highly-evolved Predators to land on Earth."
tt3748528,Rogue One: A Star Wars Story,133,2016-12-16,PG-13,7.8,679267,"In a time of conflict, a group of unlikely heroes band together on a mission to steal the plans to the Death Star, the Empire's ultimate weapon of destruction."
tt1074638,Skyfall,143,2012-11-09,PG-13,7.8,725768,"James Bond's loyalty to M is tested when her past comes back to haunt her. When MI6 comes under attack, 007 must track down and destroy the threat, no matter how personal the cost."
tt0111282,Stargate,116,1994-10-28,PG-13,7.0,203045,"An interstellar teleportation device, found in Egypt, leads to a planet with humans resembling ancient Egyptians who worship the god Ra."
tt4154756,Avengers: Infinity War,149,2018-04-27,PG-13,8.4,1183074,The Avengers and their allies must be willing to sacrifice all in an attempt to defeat the powerful Thanos before his blitz of devastation and ruin puts an end to the universe.
tt0082340,Escape from New York,99,1981-07-10,R,7.1,155181,"In 1997, when the U.S. president crashes into Manhattan, now a giant maximum security prison, a convicted bank robber is sent in to rescue him."
tt10151854,Shazam! Fury of the Gods,130,2023-03-17,PG-13,6.0,120581,"The film continues the story of teenage Billy Batson who, upon reciting the magic word ""SHAZAM!"" is transformed into his adult Super Hero alter ego, Shazam."
tt8337264,Chicken Run: Dawn of the Nugget,98,2023-12-15,PG,6.4,19052,"Having pulled off an escape from Tweedy's farm, Ginger has found a peaceful island sanctuary for the whole flock. But back on the mainland the whole of chicken-kind faces a new threat, and Ginger and her team decide to break in."
tt0371746,Iron Man,126,2008-05-02,PG-13,7.9,1113369,"After being held captive in an Afghan cave, billionaire engineer Tony Stark creates a unique weaponized suit of armor to fight evil."
tt0082198,Conan the Barbarian,129,1982-05-14,R,6.9,160645,"A young boy, Conan, becomes a slave after his parents are killed and tribe destroyed by a savage warlord and sorcerer, Thulsa Doom. When he grows up he becomes a fearless, invincible fighter. Set free, he plots revenge against Thulsa Doom."
tt2527338,Star Wars: Episode IX - The Rise of Skywalker,141,2019-12-20,PG-13,6.4,486678,"In the riveting conclusion of the landmark Skywalker saga, new legends will be born-and the final battle for freedom is yet to come."
tt3521164,Moana,107,2016-11-23,PG,7.6,371129,"In ancient Polynesia, when a terrible curse incurred by the demigod Maui reaches Moana's island, she answers the Ocean's call to seek out Maui to set things right."
tt2345759,The Mummy,111,2017-06-09,PG-13,5.4,204421,"An ancient Egyptian princess is awakened from her crypt beneath the desert, bringing with her malevolence grown over millennia and terrors that defy human comprehension."
tt0418279,Transformers,144,2007-07-03,PG-13,7.0,669724,"An ancient struggle between two Cybertronian races, the heroic Autobots and the evil Decepticons, comes to Earth, with a clue to the ultimate power held by a teenager."
tt2294629,Frozen,102,2013-11-27,PG,7.4,657937,"When the newly crowned Queen Elsa accidentally uses her power to turn things into ice to curse her home in infinite winter, her sister Anna teams up with a mountain man, his playful reindeer, and a snowman to change the weather condition."
tt2283362,Jumanji: Welcome to the Jungle,119,2017-12-20,PG-13,6.9,416656,"Four teenagers are sucked into a magical video game, and the only way they can escape is to work together to finish the game."
tt0120591,Armageddon,151,1998-07-01,PG-13,6.7,447009,"After discovering that an asteroid the size of Texas will impact Earth in less than a month, NASA recruits a misfit team of deep-core drillers to save the planet."
tt0373889,Harry Potter and the Order of the Phoenix,138,2007-07-11,PG-13,7.5,625621,"With their warning about Lord Voldemort's return scoffed at, Harry and Dumbledore are targeted by the Wizard authorities as an authoritarian bureaucrat slowly seizes power at Hogwarts."
tt0373889,Harry Potter and the Order of the Phoenix,138,2007-07-11,PG-13,7.5,625621,"With their warning about Lord Voldemort's return scoffed at, Harry and Dumbledore are targeted by the Wizard authorities as an authoritarian bureaucrat slowly seizes power at Hogwarts."
tt0381061,Casino Royale,144,2006-11-17,PG-13,8.0,688701,"After earning 00 status and a licence to kill, secret agent James Bond sets out on his first mission as 007. Bond must defeat a private banker funding terrorists in a high-stakes game of poker at Casino Royale, Montenegro."
tt4912910,Mission: Impossible - Fallout,147,2018-07-27,PG-13,7.7,373034,"Ethan Hunt and his IMF team, along with some familiar allies, race against time after a mission gone wrong."
tt12361974,Zack Snyder's Justice League,242,2021-03-18,R,7.9,433143,"Determined to ensure that Superman's ultimate sacrifice wasn't in vain, Bruce Wayne recruits a team of metahumans to protect the world from an approaching threat of catastrophic proportions."
tt0120783,The Parent Trap,128,1998-07-29,PG,6.6,152384,"Identical twins Annie and Hallie, separated at birth and each raised by one of their biological parents, discover each other for the first time at summer camp and make a plan to bring their wayward parents back together."
tt0435625,The Descent,99,2006-08-04,R,7.2,243664,"A caving expedition goes horribly wrong, as the explorers become trapped and ultimately pursued by a strange breed of predators."
tt3915174,Puss in Boots: The Last Wish,102,2022-12-21,PG,7.8,168161,"When Puss in Boots discovers that his passion for adventure has taken its toll and he has burned through eight of his nine lives, he launches an epic journey to restore them by finding the mythical Last Wish."
tt10954600,Ant-Man and the Wasp: Quantumania,124,2023-02-17,PG-13,6.1,220428,"Scott Lang and Hope Van Dyne are dragged into the Quantum Realm, along with Hope's parents and Scott's daughter Cassie. Together they must find a way to escape, but what secrets is Hope's mother hiding? And who is the mysterious Kang?"
tt0387808,Idiocracy,84,2006-09-01,R,6.5,179159,"Corporal Joe Bauers, a decisively average American, is selected as a guinea pig for a top-secret hibernation program but is forgotten, awakening to a future so incredibly moronic he's easily the most intelligent person alive."
tt0831387,Godzilla,123,2014-05-16,PG-13,6.4,434727,"The world is beset by the appearance of monstrous creatures, but one of them may be the only one who can save humanity."
tt0926084,Harry Potter and the Deathly Hallows: Part 1,146,2010-11-19,PG-13,7.7,591659,"As Harry, Ron and Hermione race against time and evil to destroy the Horcruxes, they uncover the existence of the three most powerful objects in the wizarding world: the Deathly Hallows."
tt1790809,Pirates of the Caribbean: Dead Men Tell No Tales,129,2017-05-26,PG-13,6.5,340213,Captain Jack Sparrow is pursued by old rival Captain Salazar and a crew of deadly ghosts who have escaped from the Devil's Triangle. They're determined to kill every pirate at sea...notably Jack.
tt0369610,Jurassic World,124,2015-06-12,PG-13,6.9,673740,"A new theme park, built on the original site of Jurassic Park, creates a genetically modified hybrid dinosaur, the Indominus Rex, which escapes containment and goes on a killing spree."
tt0120903,X-Men,104,2000-07-14,PG-13,7.3,640517,"In a world where mutants (evolved super-powered humans) exist and are discriminated against, two groups form for an inevitable clash: the supremacist Brotherhood, and the pacifist X-Men."
tt0099348,Dances with Wolves,181,1990-11-21,PG-13,8.0,287020,"Lieutenant John Dunbar, assigned to a remote western Civil War outpost, finds himself engaging with a neighbouring Sioux settlement, causing him to question his own purpose."
tt0119654,Men in Black,98,1997-07-02,PG-13,7.3,605687,A police officer joins a secret organization that polices and monitors extraterrestrial interactions on Earth.
tt6450804,Terminator: Dark Fate,128,2019-11-01,R,6.2,191188,"An augmented human and Sarah Connor must stop an advanced liquid Terminator from hunting down a young girl, whose fate is critical to the human race."
tt2948356,Zootopia,108,2016-03-04,PG,8.0,538260,"In a city of anthropomorphic animals, a rookie bunny cop and a cynical con artist fox must work together to uncover a conspiracy."
tt2096673,Inside Out,95,2015-06-19,PG,8.1,772985,"After young Riley is uprooted from her Midwest life and moved to San Francisco, her emotions - Joy, Fear, Anger, Disgust and Sadness - conflict on how best to navigate a new city, house, and school."
tt1229238,Mission: Impossible - Ghost Protocol,132,2011-12-21,PG-13,7.4,524164,"The IMF is shut down when it's implicated in the bombing of the Kremlin, causing Ethan Hunt and his new team to go rogue to clear their organization's name."
tt0091203,Highlander,116,1986-03-07,R,7.0,145763,"An immortal Scottish swordsman must confront the last of his immortal opponents, a murderously brutal barbarian who lusts for the fabled ""Prize""."
